{
    "articles": [
        {
            "id": "bda97823a22d42c3c28bd1ab6edd364f",
            "title": "Spotify Stock Dips On Q2 Earnings Miss, Focus On Ads Business",
            "description": "Giant music streamer Spotify saw nice Q2 subscriber grown but profit and revenue fell short of Wall Street forecasts. CEO Daniel Ek talked advertising.",
            "content": "\u201cNot every decision will yield immediate returns, and our progress is not always linear,\u201d Spotify chief executive Daniel Ek said Tuesday on a call after the music streamer reported quarterly numbers. Revenue and income fell short of forecasts, while ... [1516 chars]",
            "url": "https://deadline.com/2025/07/spotify-ceo-daniel-ek-advertising-q2-earnings-stock-dips-1236472977",
            "image": "https://deadline.com/wp-content/uploads/2025/01/GettyImages-2192884222.jpg?w=1024",
            "publishedAt": "2025-07-29T13:35:35Z",
            "source": {
                "id": "9a0aedadcf2d0a6144f3064cb144bae4",
                "name": "Deadline",
                "url": "https://deadline.com"
            }
        },
        {
            "id": "7d00eddc62cce89720e4f0027c05b5ac",
            "title": "IMF warns on risks to global economy amid tariff trade shock - business live",
            "description": "Live, rolling coverage of business, economics and financial markets as economists say \u2018risks to the global economy remain firmly to the downside\u2019 amid Donald Trump\u2019s trade war",
            "content": "From 23m ago 09.03 EDT Global economy to grow by 3% in 2025 says IMF The International Monetary Fund (IMF) has upgraded its forecast for global economic growth this year after the US retreated from some of its most extreme tariff measures. The Washin... [24916 chars]",
            "url": "https://theguardian.com/business/live/2025/jul/29/us-china-trade-donald-trump-world-tariff-federal-reserve-bank-of-england-euro-dollar-business-live",
            "image": "https://i.guim.co.uk/img/media/25a9bdc6611ef89a9135869770b354783d45499b/608_0_3334_2667/master/3334.jpg?width=1200&height=630&quality=85&auto=format&fit=crop&precrop=40:21,offset-x50,offset-y0&overlay-align=bottom%2Cleft&overlay-width=100p&overlay-base64=L2ltZy9zdGF0aWMvb3ZlcmxheXMvdGctbGl2ZS5wbmc&enable=upscale&s=7956bc2f8c9cdaa789e6a8464744da8f",
            "publishedAt": "2025-07-29T13:20:28Z",
            "source": {
                "id": "01558c024928d45cf320f6f75eede787",
                "name": "The Guardian",
                "url": "https://www.theguardian.com"
            }
        },
        {
            "id": "0bbf5df8868fa7741b858556caee331d",
            "title": "Investors are borrowing money to buy stocks at pace last seen in market bubbles",
            "description": "Margin debt on the New York Stock Exchange in May and June posted the fifth-largest, two-month increase since 1998, according to Deutsche Bank.",
            "content": "Equity investors are borrowing aggressively to buy stocks in a sign of market exuberance, according to Jim Reid, head of macro and thematic research at Deutsche Bank. Margin debt is measured when an investor borrows cash against the stocks he owns in... [1351 chars]",
            "url": "https://cnbc.com/2025/07/29/investors-are-borrowing-money-to-buy-stocks-at-pace-last-seen-in-market-bubbles.html",
            "image": "https://image.cnbcfm.com/api/v1/image/108176487-17533737642025-07-24t161424z_274286598_rc21tfa7ntd4_rtrmadp_0_usa-stocks.jpeg?v=1753373910&w=1920&h=1080",
            "publishedAt": "2025-07-29T13:12:04Z",
            "source": {
                "id": "29e94cdd2d4f6a3ca7108bb0293087c6",
                "name": "CNBC",
                "url": "https://www.cnbc.com"
            }
        },
        {
            "id": "19b09c5274f0403e9cc400b425016928",
            "title": "Jim Cramer's top 10 things to watch in the stock market Tuesday",
            "description": "Wall Street was on track for a higher open, which would add to yesterday's 15th record close of the year for the S&P 500.",
            "content": "My top 10 things to watch Tuesday, July 29 1. Novo Nordisk shares sank more than 20% this morning after the maker of Ozempic cut its full-year guidance and named a new CEO. The company cited \"persistent use of compounded GLP-1s.\" Club name Eli Lilly ... [3946 chars]",
            "url": "https://cnbc.com/2025/07/29/jim-cramers-top-10-things-to-watch-in-the-stock-market-tuesday.html",
            "image": "https://image.cnbcfm.com/api/v1/image/108139249-17461007952025-05-01t110135z_141929000_rc26x7av6mkm_rtrmadp_0_health-obesity-who.jpeg?v=1746100832&w=1920&h=1080",
            "publishedAt": "2025-07-29T13:10:56Z",
            "source": {
                "id": "29e94cdd2d4f6a3ca7108bb0293087c6",
                "name": "CNBC",
                "url": "https://www.cnbc.com"
            }
        },
        {
            "id": "2509b967fea966f390b0c3df48d1a071",
            "title": "Market Jitters: Earnings, Tariffs, and Treasury Talks Trigger Turbulence",
            "description": "Stock futures indicated mixed movements on Tuesday following varied earnings reports from major U.S. companies. While some firms exceeded expectations, others, notably impacted by tariffs, fell short. With the Fed's upcoming meeting, investors are particularly attentive to economic signals, especially amidst ongoing U.S.-China trade negotiations.",
            "content": "Stock markets showed mixed signs as investors processed earnings reports from some of the U.S.'s major corporations. S&P 500 and Nasdaq futures saw modest gains, while Dow futures dipped slightly, weighed down by UnitedHealth's grim profit forecast.\n... [684 chars]",
            "url": "https://devdiscourse.com/article/headlines/3521400-market-jitters-earnings-tariffs-and-treasury-talks-trigger-turbulence",
            "image": "https://www.devdiscourse.com/remote.axd?https://devdiscourse.blob.core.windows.net/aiimagegallery/21_03_2025_14_58_44_4502622.png?width=920&format=jpeg",
            "publishedAt": "2025-07-29T11:41:39Z",
            "source": {
                "id": "c6a01ba91c1a2bc3f53f4707110bfee5",
                "name": "Devdiscourse",
                "url": "https://www.devdiscourse.com"
            }
        }
    ]
}