{
    "articles": [
        {
            "id": "cab6522d38f2315ee004d3409fa94df1",
            "title": "Majority of students see responsible AI use as key to career success, new research says",
            "description": "Half of students believe that learning how to use AI is the most important skill they\u2019ll gain in college, according to new research.",
            "content": "Half of students believe that learning how to use AI is the most important skill they\u2019ll gain in college, according to new research.\nThe survey of 2,000 students pursuing higher education degrees revealed that another 62% believe that learning how to... [4988 chars]",
            "url": "https://nypost.com/2025/07/29/tech/majority-of-students-see-responsible-ai-use-as-key-to-career-success-new-research-says",
            "image": "https://nypost.com/wp-content/uploads/sites/2/2025/07/students-ai-comp.jpg?quality=75&strip=all&1753785223&w=1024",
            "publishedAt": "2025-07-29T14:48:22Z",
            "source": {
                "id": "95a96a1867c4dac6f720e9d08d4c1b96",
                "name": "New York Post",
                "url": "https://nypost.com"
            }
        },
        {
            "id": "9c8aaa2b4d7ef9894e95f564989c8bb4",
            "title": "Warner Bros. International TV Production Future Revealed",
            "description": "Warner Bros. International TV Production is set to leave the Warner Bros fold and become part of Discovery Global.",
            "content": "EXCLUSIVE: Warner Bros. Discovery (WBD) yesterday unveiled its post-split leadership plan, but absent from the detail was any mention of the Warner Bros International Television Production (WBITVP) studio.\nAlthough WBD\u2019s American studios and producti... [4586 chars]",
            "url": "https://deadline.com/2025/07/warner-bros-international-tv-production-future-revealed-1236472938",
            "image": "https://deadline.com/wp-content/uploads/2025/06/the-bachelor.jpg?w=1024",
            "publishedAt": "2025-07-29T14:44:21Z",
            "source": {
                "id": "9a0aedadcf2d0a6144f3064cb144bae4",
                "name": "Deadline",
                "url": "https://deadline.com"
            }
        },
        {
            "id": "17a258fa99a4ec1770025ef4f5fd787f",
            "title": "JPMorgan: Foldable iPhone to Launch in September 2026",
            "description": "Apple will launch its first foldable iPhone in September 2026 as part of the iPhone 18 lineup, according to JPMorgan. In a market research note to...",
            "content": "Apple will launch its first foldable iPhone in September 2026 as part of the iPhone 18 lineup, according to JPMorgan.\nIn a market research note to investors, the bank supported the increasingly corroborated rumor that Apple will launch the device nex... [831 chars]",
            "url": "https://macrumors.com/2025/07/29/foldable-iphone-to-launch-in-september-2026",
            "image": "https://images.macrumors.com/t/a63wTdKOm6Q4Sycz8dpdmeLDYSo=/2250x/article-new/2025/03/Foldable-iPhone-2023-Feature-Iridescent-1.jpg",
            "publishedAt": "2025-07-29T14:35:21Z",
            "source": {
                "id": "10216cb8fabd0accd5eb967c97fc37ab",
                "name": "MacRumors",
                "url": "https://www.macrumors.com"
            }
        },
        {
            "id": "b6c63b4c6d329a998380d442b597fe22",
            "title": "India's Educational Transformation: Set to Challenge Global Rankings",
            "description": "India's National Education Policy 2020 is propelling the country to new heights on the global stage. By 2026, India is anticipated to become the second-best represented country in Times Higher Education rankings. This growth is accompanied by significant improvements in research quality and international collaboration.",
            "content": "India's ambitious National Education Policy 2020 is transforming the country's higher education, positioning it to rival global leaders. By 2026, India will be the second-best represented nation in the Times Higher Education rankings, surpassing even... [781 chars]",
            "url": "https://devdiscourse.com/article/headlines/3521784-indias-educational-transformation-set-to-challenge-global-rankings",
            "image": "https://www.devdiscourse.com/remote.axd?https://devdiscourse.blob.core.windows.net/devnews/29_07_2025_20_00_07_816657.jpg?width=920&format=jpeg",
            "publishedAt": "2025-07-29T14:30:17Z",
            "source": {
                "id": "c6a01ba91c1a2bc3f53f4707110bfee5",
                "name": "Devdiscourse",
                "url": "https://www.devdiscourse.com"
            }
        },
        {
            "id": "4c0b58efce9e47d3343b7040dfadc81d",
            "title": "Groundbreaking Living Brain Project challenges decades of assumptions in neuroscience",
            "description": "In a revealing Genomic Press Interview published today in Genomic Psychiatry, Dr. Alexander W. Charney describes how treating patients with schizophrenia transformed his scientific pursuits from abstract questions to an urgent mission, ultimately leading to discoveries that challenge fundamental assumptions in neuroscience research.",
            "content": "In a revealing Genomic Press Interview published today in Genomic Psychiatry, Dr. Alexander W. Charney describes how treating patients with schizophrenia transformed his scientific pursuits from abstract questions to an urgent mission, ultimately lea... [5386 chars]",
            "url": "https://news-medical.net/news/20250729/Groundbreaking-Living-Brain-Project-challenges-decades-of-assumptions-in-neuroscience.aspx",
            "image": "https://www.news-medical.net/image-handler/picture/2016/3/Artificially_Colored_MRI_Scan_Of_Human_Brain-Daisy_Daisy_a8c5d8bbbf824bc8932308e30187510f-620x480.jpg",
            "publishedAt": "2025-07-29T14:28:00Z",
            "source": {
                "id": "6fea3ee012f060c6309366516e8d00be",
                "name": "News-Medical.net",
                "url": "https://www.news-medical.net"
            }
        }
    ]
}