{
    "articles": [
        {
            "id": "6b1956c5d190b4dfa456dc37cfa73754",
            "title": "Fantasy Football Mock Draft: 12-team Superflex Dynasty Startup - here are the results",
            "description": "Twelve of the top analysts in the fantasy football industry came together for a dynasty startup mock draft.",
            "content": "Yahoo Fantasy staff members joined forces with some of the top analysts from around the fantasy football industry to take part in a 12-team, 12-round dynasty startup mock draft.\nThe scoring format for this mock is Superflex and PPR (point per recepti... [16890 chars]",
            "url": "https://ca.sports.yahoo.com/news/fantasy-football-mock-draft-12-team-superflex-dynasty-startup--here-are-the-results-143010506.html",
            "image": "https://s.yimg.com/ny/api/res/1.2/oV1gJgjerQLP04eb7ZtypA--/YXBwaWQ9aGlnaGxhbmRlcjt3PTEyMDA7aD04MDA7Y2Y9d2VicA--/https://s.yimg.com/os/creatr-uploaded-images/2025-07/f821d670-6c86-11f0-bf7f-95772d808e11",
            "publishedAt": "2025-07-29T14:30:10Z",
            "source": {
                "id": "bc4f0c1ddd7d75da8c7a07a4d78f15a0",
                "name": "Yahoo Canada Sports",
                "url": "https://ca.sports.yahoo.com"
            }
        },
        {
            "id": "82658f484e2895c204cff5912cb8f174",
            "title": "Fantasy Football Rankings 2025: Sleepers from proven NFL model that called James Cook's strong year",
            "description": "SportsLine simulated the NFL season 10,000 times and revealed its 2025 Fantasy football sleepers for 2025 Fantasy football draft prep",
            "content": "Neither Tyreek Hill nor Jaylen Waddle lived up to their Fantasy football expectations last season, with both finishing with fewer than 1,000 yards. Hill was a top-five pick in many Fantasy football drafts last year, but finished with just 959 yards a... [5677 chars]",
            "url": "https://cbssports.com/fantasy/football/news/fantasy-football-rankings-2025-sleepers-from-proven-nfl-model-that-called-james-cooks-strong-year",
            "image": "https://sportshub.cbsistatic.com/i/r/2025/07/28/417d04ec-9912-4d3a-9599-6cc396b580e4/thumbnail/1200x675/60ed6ee50a9ffa4b23d74650662b3f69/quentin-johnston-chargers-imagn-images.jpg",
            "publishedAt": "2025-07-29T14:26:48Z",
            "source": {
                "id": "3989f52bbec2d3be8442e2851b59e79e",
                "name": "CBS Sports",
                "url": "https://www.cbssports.com"
            }
        },
        {
            "id": "8b3bddfdd5ead76ce912896bcb833bbd",
            "title": "Does Texas Need Arch Manning to Live Up to Preseason Hype to Reach College Football Playoff",
            "description": "The question around Arch Manning hype has gone from \"can be good enough early\" or \"does he have to\" for Texas to grip on the playoff.",
            "content": "The Arch Manning hype has divided people in the college football world. As one group tries to justify why people tout him as a first-round pick, others highly doubt his skill level, given an extremely small sample size. Despite his head-turning last ... [5201 chars]",
            "url": "https://essentiallysports.com/ncaa-college-football-news-does-texas-need-arch-manning-to-live-up-to-preseason-hype-to-reach-college-football-playoff",
            "image": "https://image-cdn.essentiallysports.com/wp-content/uploads/imago1056017221.jpg",
            "publishedAt": "2025-07-29T14:15:22Z",
            "source": {
                "id": "f6c2179332ca0ae400ff2a52227265f3",
                "name": "Essentially Sports",
                "url": "https://www.essentiallysports.com"
            }
        },
        {
            "id": "f5ec41f352d7967544b233c3d2af8394",
            "title": "NBA offseason watch: Remaining free agents, extension-eligible stars, EuroBasket and, of course, LeBron drama",
            "description": "Here\u2019s what\u2019s left to be resolved on the league\u2019s ledger this summer.",
            "content": "As the calendar creeps toward August, the bulk of the business of the 2025 NBA offseason has already been concluded. More than $8.2 billion worth of contracts signed over the past month, with the 2025 NBA Draft, the initial rush of free agency and a ... [15264 chars]",
            "url": "https://ca.sports.yahoo.com/news/nba-offseason-watch-remaining-free-agents-extension-eligible-stars-eurobasket-and-of-course-lebron-drama-141311150.html",
            "image": "https://s.yimg.com/ny/api/res/1.2/jwbAmwTVXs3cJZIuF7fI7g--/YXBwaWQ9aGlnaGxhbmRlcjt3PTEyMDA7aD04MDA7Y2Y9d2VicA--/https://s.yimg.com/os/creatr-uploaded-images/2025-07/ecb29a10-6c1b-11f0-bf6e-55e5f7a779a2",
            "publishedAt": "2025-07-29T14:13:12Z",
            "source": {
                "id": "bc4f0c1ddd7d75da8c7a07a4d78f15a0",
                "name": "Yahoo Canada Sports",
                "url": "https://ca.sports.yahoo.com"
            }
        }
    ]
}