{
    "articles": [
        {
            "id": "4b0be16b14f760b8d5b9cba147becc51",
            "title": "Shinkai Launches v1.0: Onchain AI Agents Go Live with USDC & Coinbase x402",
            "description": "Georgetown, Cayman Islands, 29th July 2025, Chainwire",
            "content": "Georgetown, Cayman Islands, July 29th, 2025, Chainwire\nShinkai, the open-source, local-first platform for building and sharing autonomous AI agents, has officially released version 1.0, its first production-ready build. With support for USDC micro-pa... [4106 chars]",
            "url": "https://techstartups.com/2025/07/29/shinkai-launches-v1-0-onchain-ai-agents-go-live-with-usdc-coinbase-x402",
            "image": "https://techstartups.com/wp-content/uploads/2025/07/image_23_1753469869HjLRF0f7bT-960x640.jpg",
            "publishedAt": "2025-07-29T13:11:14Z",
            "source": {
                "id": "a3b1ce1267ce02959f0b6a7bc018cec4",
                "name": "TechStartups.com",
                "url": "https://techstartups.com"
            }
        },
        {
            "id": "d7888eb460da7de8c11a0fdbe2e30d63",
            "title": "DeepSnitch Introduces Five Specialized AI Agents as Token Presale Goes Live",
            "description": "Singapore, Singapore, 29th July 2025, Chainwire",
            "content": "Singapore, Singapore, July 29th, 2025, Chainwire\nDeepSnitch AI has officially launched its token presale, securing over $147,000 in initial contributions. The project introduces a suite of five AI-driven agents designed to monitor blockchain activity... [4971 chars]",
            "url": "https://techstartups.com/2025/07/29/deepsnitch-introduces-five-specialized-ai-agents-as-token-presale-goes-live",
            "image": "https://techstartups.com/wp-content/uploads/2025/07/DeepSnitch_-_PR_-_Main_1753357067jtYynGmaMj-960x640.jpg",
            "publishedAt": "2025-07-29T13:06:59Z",
            "source": {
                "id": "a3b1ce1267ce02959f0b6a7bc018cec4",
                "name": "TechStartups.com",
                "url": "https://techstartups.com"
            }
        },
        {
            "id": "0ff80d0726ded7769feeb39a17756182",
            "title": "ByteDance AI tool Trae caught spying on users",
            "description": "Trae's telemetry toggle could mean nothing",
            "content": "Data continues to go back to Chinese servers even with telemetry off\nHardware and OS specs, mouse/keyboard activity and more\nTrae memory usage is 3x higher than Cursor\nA developer has taken to GitHub to warn that ByteDance's Trae AI-powered IDE has b... [2098 chars]",
            "url": "https://techradar.com/pro/security/bytedance-ai-tool-caught-spying-on-users",
            "image": "https://cdn.mos.cms.futurecdn.net/ByrprQ2oRcuamGYmdE26EV.jpg",
            "publishedAt": "2025-07-29T13:05:00Z",
            "source": {
                "id": "76684855c5d801b81fd06490668d04fe",
                "name": "TechRadar",
                "url": "https://www.techradar.com"
            }
        },
        {
            "id": "2c8e9ea268298a01447d61a8a2a929fb",
            "title": "With AI plan, Trump keeps chipping away at a foundational environmental law",
            "description": "When big infrastructure projects spring up, one crucial law \u2014 the National Environmental Policy Act \u2014 has for decades been a key way the government has required powerful industry interests to consider the environment and the public\u2019s voice.",
            "content": "When President Donald Trump rolled out a plan to boost artificial intelligence and data centers, a key goal was wiping away barriers to rapid growth.\nAnd that meant taking aim at the National Environmental Policy Act \u2014 a 55-year-old, bedrock law aime... [7128 chars]",
            "url": "https://clickondetroit.com/business/2025/07/29/with-ai-plan-trump-keeps-chipping-away-at-a-foundational-environmental-law",
            "image": "https://res.cloudinary.com/graham-media-group/image/upload/f_auto/q_auto/c_thumb,w_700/v1/media/gmg/NHMDQTH4IVEWHIEQCKGYBDVGBQ.jpg?_a=DATAg1eAZAA0",
            "publishedAt": "2025-07-29T13:04:34Z",
            "source": {
                "id": "35515662ec044d3f94b543cd8802d63f",
                "name": "WDIV ClickOnDetroit",
                "url": "https://www.clickondetroit.com"
            }
        },
        {
            "id": "719badd9387a1ba57010b2f25818c988",
            "title": "NISAR Mission: A New Era of Global Imaging",
            "description": "The NASA-ISRO Synthetic Aperture Radar (NISAR) mission is set for launch, aimed at providing high-resolution imaging of global land and ice surfaces every 12 days. This joint effort, a symbol of US-India collaboration, marks a major advancement in satellite technology for global scientific research.",
            "content": "The countdown for the highly anticipated NASA-ISRO NISAR Mission began on Tuesday, according to ISRO sources. The Geosynchronous Satellite Launch Vehicle is slated to deliver the NASA-ISRO Synthetic Aperture Radar (NISAR) to a Sun-synchronous polar o... [620 chars]",
            "url": "https://devdiscourse.com/article/science-environment/3521578-nisar-mission-a-new-era-of-global-imaging",
            "image": "https://www.devdiscourse.com/remote.axd?https://devdiscourse.blob.core.windows.net/aiimagegallery/29_07_2025_06_01_42_6252657.png?width=920&format=jpeg",
            "publishedAt": "2025-07-29T13:02:08Z",
            "source": {
                "id": "c6a01ba91c1a2bc3f53f4707110bfee5",
                "name": "Devdiscourse",
                "url": "https://www.devdiscourse.com"
            }
        }
    ]
}