{
    "articles": [
        {
            "id": "c16ea58f34bd2ba57460fe5936d7503b",
            "title": "Bigg Boss 19 First Look Out: Makers Unveil Bold New Eye Design, Promise More Drama",
            "description": "Bigg Boss 19 reveals a bold new eye design, with AI integration and contestant-driven evictions. Expect chaos and drama. Premieres August 2025.",
            "content": "Bigg Boss 19 First Look Out: Makers Unveil Bold New Eye Design, Promise More Drama\nCurated By :\nNews18.com\nLast Updated: July 25, 2025, 19:08 IST\nBigg Boss 19 reveals a new eye design, promising chaos and drama. The show is expected to premiere in Au... [3671 chars]",
            "url": "https://news18.com/movies/television/bigg-boss-19-first-look-out-makers-unveil-bold-new-eye-design-promise-more-drama-ws-l-9463911.html",
            "image": "https://images.news18.com/ibnlive/uploads/2025/07/Untitled-design-2025-07-25T190645.628-2025-07-a5d7d88824ffd6c83ec3ca4249a91bf0-16x9.png",
            "publishedAt": "2025-07-25T13:38:26Z",
            "source": {
                "id": "ca84296ef941bfa461f4239a2290cb99",
                "name": "News18",
                "url": "https://www.news18.com"
            },
            "category": "tech",
            "votes": 1,
            "lastVoted": "2025-07-28 16:02:03"
        },
        {
            "id": "b2c2b4bc1600bd7add4b4319fad458f4",
            "title": "Everyone's a loser in Trump's AI Action Plan",
            "description": "Trump's policy vision would put states, and tech companies themselves, in a position of \"extraordinary regulatory uncertainty.\"",
            "content": "On July 23, the Trump Administration released its long-awaited AI Action Plan. Short of copyright exemptions for model training, the administration appears ready to give OpenAI, Anthropic, Google and other major players nearly everything they asked o... [6954 chars]",
            "url": "https://engadget.com/ai/everyones-a-loser-in-trumps-ai-action-plan-160023247.html",
            "image": "https://s.yimg.com/ny/api/res/1.2/vKFGVtgHSGZ9QuHseXcxJQ--/YXBwaWQ9aGlnaGxhbmRlcjt3PTEyMDA7aD04MDA7Y2Y9d2VicA--/https://s.yimg.com/os/creatr-uploaded-images/2025-07/228833d0-6bcb-11f0-93a4-55a5d395cdce",
            "publishedAt": "2025-07-28T16:00:23Z",
            "source": {
                "id": "549a7a859b2345bbe231b00e7244ef99",
                "name": "Engadget",
                "url": "https://www.engadget.com"
            },
            "category": "tech",
            "votes": 1,
            "lastVoted": "2025-07-28 18:34:52"
        },
        {
            "id": "36d035f86a9b0b4b5baa0424c4349d0f",
            "title": "How Artificial Intelligence Is Already Reshaping Retail From the Ground Up",
            "description": "The rise of AI-powered consumers is forcing retailers to rethink everything, according to a new study from Cognizant.",
            "content": "Newsweek AI is in beta. Translations may contain inaccuracies\u2014please refer to the original content.\nRetailers once relied on shelf space and sales associates to win over customers. Then came e-commerce, search-engine optimization and hyper-targeted s... [5822 chars]",
            "url": "https://newsweek.com/nw-ai/artificial-intelligence-already-reshaping-retail-2103555",
            "image": "https://d.newsweek.com/en/full/2690524/how-ai-changing-consumer-shopping-habits.png",
            "publishedAt": "2025-07-28T15:54:21Z",
            "source": {
                "id": "5b07f2eba74fc799fd5d1ee46c5bafc3",
                "name": "Newsweek",
                "url": "https://www.newsweek.com"
            },
            "category": "tech",
            "votes": 1,
            "lastVoted": "2025-07-28 18:38:46"
        },
        {
            "id": "be154ea9ff397822dc8bba270f51ab19",
            "title": "Biometrics, AI to replace standard OTPs by 2027",
            "description": "THE prevailing one-time passwords (OTPs) used for online financial transactions will be replaced by facial recognition and artificial intelligence authentication by 2027, an official of Singapore-based technology firm ADVANCE.AI said.",
            "content": "THE prevailing one-time passwords (OTPs) used for online financial transactions will be replaced by facial recognition and artificial intelligence authentication by 2027, an official of Singapore-based technology firm ADVANCE.AI said.\n\u201cWe\u2019re already ... [3156 chars]",
            "url": "https://manilatimes.net/2025/07/29/business/top-business/biometrics-ai-to-replace-standard-otps-by-2027/2157483",
            "image": "https://cdn4.premiumread.com/?url=https://www.manilatimes.net/theme_manilatimes/images/TMT_1920x1008.jpg&w=1920&q=100&f=webp&v=1",
            "publishedAt": "2025-07-28T16:15:00Z",
            "source": {
                "id": "7c666ee953f873d3057b310220f510df",
                "name": "The Manila Times",
                "url": "https://www.manilatimes.net"
            },
            "category": "tech",
            "votes": 1,
            "lastVoted": "2025-07-28 18:51:00"
        },
        {
            "id": "094aa07337dc5b0707080598041f7f56",
            "title": "Tesla signs $16.5B deal with Samsung to build AI chips for self-driving cars",
            "description": "Tesla is betting big on Samsung. Elon Musk confirmed Monday that Tesla has inked a $16.5 billion chip deal with the South Korean tech giant to produce the company\u2019s next-gen AI chips\u2014starting with the AI6\u2014at Samsung\u2019s factory in Taylor, Texas. The move gives Samsung\u2019s struggling chip foundry business a much-needed boost, and marks a major",
            "content": "Tesla is betting big on Samsung.\nElon Musk confirmed Monday that Tesla has inked a $16.5 billion chip deal with the South Korean tech giant to produce the company\u2019s next-gen AI chips\u2014starting with the AI6\u2014at Samsung\u2019s factory in Taylor, Texas. The mo... [3223 chars]",
            "url": "https://techstartups.com/2025/07/28/tesla-signs-16-5b-deal-with-samsung-to-build-ai-chips-for-self-driving-cars",
            "image": "https://techstartups.com/wp-content/uploads/2025/07/te.jpg",
            "publishedAt": "2025-07-28T16:28:34Z",
            "source": {
                "id": "a3b1ce1267ce02959f0b6a7bc018cec4",
                "name": "TechStartups.com",
                "url": "https://techstartups.com"
            },
            "category": "tech",
            "votes": 1,
            "lastVoted": "2025-07-28 18:53:39"
        }
    ]
}